2026-02-06T23:12:08.924694,v3,deployed
2026-02-06T23:12:25.078813,v3,deployed
2026-02-06T23:16:44.360487,v3,deployed
2026-02-06T23:20:51.287601,v3,deployed
2026-02-12T14:56:42.874639,v3,deployed
2026-02-12T15:09:29.640458,v3,deployed
2026-02-12T15:12:00.990105,v3,deployed
2026-02-12T15:13:03.919206,v3,deployed
2026-02-12T15:13:32.000736,v3,deployed
2026-02-12T15:14:20.530129,v3,deployed
2026-02-12T15:15:56.869365,v3,deployed
2026-02-12T15:16:03.911619,v3,deployed
2026-02-14T21:42:01.838503,v3,deployed
2026-02-14T21:46:32.060719,v3,deployed
2026-02-14T21:53:48.493796,v3,deployed
2026-02-14T21:53:59.603945,v3,deployed
2026-02-14T22:35:29.338154,v3,deployed
2026-02-14T22:35:31.739075,v3,deployed
2026-02-14T22:35:51.748937,v3,deployed
2026-02-14T22:35:55.596545,v3,deployed
2026-02-14T23:13:06.378983,v3,deployed
2026-02-14T23:14:23.956100,v3,deployed
2026-02-14T23:14:23.961092,v3,deployed
2026-02-14T23:14:49.417565,v3,deployed
2026-02-14T23:14:49.422565,v3,deployed
2026-02-14T23:16:42.197911,v3,deployed
2026-02-14T23:18:00.544767,v3,deployed
2026-02-14T23:20:04.440656,v3,deployed
2026-02-14T23:21:08.065613,v3,deployed
2026-02-14T23:23:20.746833,v3,deployed
2026-02-14T23:24:28.230532,v3,deployed
2026-02-14T23:27:06.093605,v3,deployed
2026-02-14T23:28:48.016653,v3,deployed
2026-02-14T23:47:44.575986,v4,deployed
2026-02-14T23:50:18.430838,v4,deployed
2026-02-14T23:53:54.571425,v4,deployed
2026-02-14T23:54:20.497950,v4,deployed
2026-02-14T23:55:59.397510,v4,deployed
2026-02-15T00:18:30.759219,v4,deployed
2026-02-15T00:21:07.070208,v4,deployed
2026-02-15T00:21:36.348170,v4,deployed
2026-02-15T00:39:24.007718,v4,deployed
2026-02-15T00:39:51.012229,v4,deployed
2026-02-15T00:40:17.959377,v4,deployed
2026-02-15T00:46:37.772046,v4,deployed
2026-02-15T00:47:08.438346,v4,deployed
2026-02-15T00:47:40.589411,v4,deployed
2026-02-15T00:48:18.140262,v4,deployed
2026-02-15T00:52:13.273640,v4,deployed
2026-02-15T01:00:55.648432,v4,deployed
2026-02-15T01:05:56.229613,v4,deployed
2026-02-15T01:27:28.921761,v4,deployed
2026-02-15T01:32:28.862754,v4,deployed
2026-02-15T01:37:29.189258,v4,deployed
2026-02-15T01:40:37.209657,v4,deployed
2026-02-15T01:41:35.570049,v4,deployed
2026-02-15T01:46:36.081968,v4,deployed
2026-02-15T01:51:36.442850,v4,deployed
2026-02-15T17:08:14.051976,v4,deployed
